code,name,nameEn,regionCode
1,北海道,Hokkaido,1
2,青森県,Aomori Prefecture,2
3,岩手県,Iwate Prefecture,2
4,宮城県,Miyagi Prefecture,2
5,秋田県,Akita Prefecture,2
6,山形県,Yamagata Prefecture,2
7,福島県,Fukushima Prefecture,2
8,茨城県,Ibaraki Prefecture,3
9,栃木県,Tochigi Prefecture,3
10,群馬県,Gunma Prefecture,3
11,埼玉県,Saitama Prefecture,3
12,千葉県,Chiba Prefecture,4
13,東京都,Tokyo,4
14,神奈川県,Kanagawa Prefecture,4
15,新潟県,Niigata Prefecture,5
16,富山県,Toyama Prefecture,6
17,石川県,Ishikawa Prefecture,6
18,福井県,Fukui Prefecture,6
19,山梨県,Yamanashi Prefecture,5
20,長野県,Nagano Prefecture,5
21,岐阜県,Gifu Prefecture,6
22,静岡県,Shizuoka Prefecture,5
23,愛知県,Aichi Prefecture,6
24,三重県,Mie Prefecture,6
25,滋賀県,Shiga Prefecture,7
26,京都府,Kyoto Prefecture,7
27,大阪府,Osaka Prefecture,7
28,兵庫県,Hyogo Prefecture,7
29,奈良県,Nara Prefecture,7
30,和歌山県,Wakayama Prefecture,7
31,鳥取県,Tottori Prefecture,8
32,島根県,Shimane Prefecture,8
33,岡山県,Okayama Prefecture,8
34,広島県,Hiroshima Prefecture,8
35,山口県,Yamaguchi Prefecture,9
36,徳島県,Tokushima Prefecture,8
37,香川県,Kagawa Prefecture,8
38,愛媛県,Ehime Prefecture,8
39,高知県,Kochi Prefecture,8
40,福岡県,Fukuoka Prefecture,9
41,佐賀県,Saga Prefecture,9
42,長崎県,Nagasaki Prefecture,9
43,熊本県,Kumamoto Prefecture,9
44,大分県,Oita Prefecture,9
45,宮崎県,Miyazaki Prefecture,9
46,鹿児島県,Kagoshima Prefecture,9
47,沖縄県,Okinawa Prefecture,9
